{"name":"health_air-quality-measures-neh","title":"Air Quality Measures, NEH","description":"Air Quality Measures on the National Environmental Health Tracking Networkpsychologymental health\n\nThe Environmental Protection Agency (EPA) provides air pollution data about ozone and particulate matter (PM2.5) to CDC for the Tracking Network. The EPA maintains a database called the Air Quality System (AQS) which contains data from approximately 4,000 monitoring stations around the country, mainly in urban areas. Data from the AQS is considered the \"gold standard\" for determining outdoor air pollution. However, AQS data are limited because the monitoring stations are usually in urban areas or cities and because they only take air samples for some air pollutants every three days or during times of the year when air pollution is very high. CDC and EPA have worked together to develop a statistical model (Downscaler) to make modeled predictions available for environmental public health tracking purposes in areas of the country that do not have monitors and to fill in the time gaps when monitors may not be recording data. This data does not include \"Percent of population in counties exceeding NAAQS (vs. population in counties that either meet the standard or do not monitor PM2.5)\". Please visit the Tracking homepage for this information.View additional information for indicator definitions and documentation by selecting Content Area \"Air Quality\" and the respective indicator at the following website: http://ephtracking.cdc.gov/showIndicatorsData.action\n\nSource: https://catalog.data.gov/dataset/air-quality-measures-on-the-national-environmental-health-tracking-network","homepage":"https://data.world/health/air-quality-measures-neh","license":"Public Domain","resources":[{"name":"rows","schema":{"fields":[{"name":"measureid","title":"MeasureId","type":"integer","rdfType":"http://www.w3.org/2001/XMLSchema#integer","dwSourceId":"measureid"},{"name":"measurename","title":"MeasureName","type":"string","rdfType":"http://www.w3.org/2001/XMLSchema#string","dwSourceId":"measurename"},{"name":"measuretype","title":"MeasureType","type":"string","rdfType":"http://www.w3.org/2001/XMLSchema#string","dwSourceId":"measuretype"},{"name":"stratificationlevel","title":"StratificationLevel","type":"string","rdfType":"http://www.w3.org/2001/XMLSchema#string","dwSourceId":"stratificationlevel"},{"name":"statefips","title":"StateFips","type":"integer","rdfType":"http://www.w3.org/2001/XMLSchema#integer","dwSourceId":"statefips"},{"name":"statename","title":"StateName","type":"string","rdfType":"http://www.w3.org/2001/XMLSchema#string","dwSourceId":"statename"},{"name":"countyfips","title":"CountyFips","type":"integer","rdfType":"http://www.w3.org/2001/XMLSchema#integer","dwSourceId":"countyfips"},{"name":"countyname","title":"CountyName","type":"string","rdfType":"http://www.w3.org/2001/XMLSchema#string","dwSourceId":"countyname"},{"name":"reportyear","title":"ReportYear","type":"gyear","rdfType":"http://www.w3.org/2001/XMLSchema#gYear","dwSourceId":"reportyear"},{"name":"value","title":"Value","type":"number","rdfType":"http://www.w3.org/2001/XMLSchema#decimal","dwSourceId":"value"},{"name":"unit","title":"Unit","type":"string","rdfType":"http://www.w3.org/2001/XMLSchema#string","dwSourceId":"unit"},{"name":"unitname","title":"UnitName","type":"string","rdfType":"http://www.w3.org/2001/XMLSchema#string","dwSourceId":"unitname"},{"name":"dataorigin","title":"DataOrigin","type":"string","rdfType":"http://www.w3.org/2001/XMLSchema#string","dwSourceId":"dataorigin"},{"name":"monitoronly","title":"MonitorOnly","type":"boolean","rdfType":"http://www.w3.org/2001/XMLSchema#boolean","dwSourceId":"monitoronly"}]},"path":"data/rows.csv","format":"csv"},{"name":"original/rows.csv","path":"original/rows.csv","format":"csv","mediatype":"text/csv","bytes":49575093}],"keywords":["air quality","air quality index","air quality system","caa 109 clean air act section 109","daily 24 hour average concentration","daily maximum 8 hour average concentrati","environmental hazard","environmental health","hourly observations","national ambient air quality standards","national environmental health tracking n","o3","oxygen","ozone","ozone residual","particle pollution","particulate matter","particulate matter pm2 5","particulate matter lt 2 5 um","pm fine 0 2 5 um stp","pm2 5","pm2 5 local conditions","regulatory resources","site monitoring data","tracking tracking network","tracking program","mental health","psychology"]}